,Website Performance,SEO Performance,Marketing Channel Distribution,Competitor Analysis,Final Score
Main,0.4758118373820852,0.7129271194872762,0.6352194415207574,0.3477213481313399,0.5429199366303648
First Competitor,0.4744184266911541,0.5537802812708572,0.6813972183862695,0.0,0.42739898158707024
Second Competitor,0.4744184266911541,0.5537802812708572,0.6813972183862695,0.0,0.42739898158707024
Third Competitor,0.5918885827976736,0.35034463784307623,0.49097028154693934,0.0,0.3583008755469223
Fourth Competitor,0.21496925174611164,0.2620182709017452,0.26750785959096585,0.0,0.18612384555970568
Fifth Competitor,0.5,0.3236743472890668,0.5338618782146587,0.0,0.3393840563759314
